{"nodes":{"node:101":{"location":{"x":10,"y":0}},"node:113":{"location":{"x":10,"y":0}},"node:125":{"location":{"x":10,"y":0}},"node:137":{"location":{"x":10,"y":0}}},"selection":null,"view":{"scroll":{"x":-97.6922607421875,"y":52.31915283203125},"visible_rect":{"max":{"x":806.3077392578125,"y":607.31915283203125},"min":{"x":-97.6922607421875,"y":52.31915283203125}},"zoom":1}}