{"nodes":{"node:101":{"location":{"x":10,"y":0}},"node:113":{"location":{"x":10,"y":0}},"node:125":{"location":{"x":10,"y":0}},"node:137":{"location":{"x":10,"y":0}}},"selection":null,"view":{"scroll":{"x":-191.782257080078125,"y":-61.8727378845214844},"visible_rect":{"max":{"x":1524.3231201171875,"y":797.88031005859375},"min":{"x":-621.7080078125,"y":-200.57525634765625}},"zoom":0.308476418256759644}}