{"nodes":{"node:101":{"location":{"x":10,"y":0}},"node:113":{"location":{"x":10,"y":0}},"node:125":{"location":{"x":10,"y":0}},"node:137":{"location":{"x":10,"y":0}}},"selection":null,"view":{"scroll":{"x":90.2828292846679688,"y":101.637741088867188},"visible_rect":{"max":{"x":994.282958984375,"y":656.6378173828125},"min":{"x":90.2828369140625,"y":101.63775634765625}},"zoom":0.999999880790710449}}