{"nodes":{"node:101":{"location":{"x":10,"y":0}},"node:113":{"location":{"x":10,"y":0}},"node:125":{"location":{"x":10,"y":0}},"node:137":{"location":{"x":10,"y":0}}},"selection":null,"view":{"scroll":{"x":-191.782211303710938,"y":-61.8727493286132812},"visible_rect":{"max":{"x":1524.3233642578125,"y":797.88037109375},"min":{"x":-621.70794677734375,"y":-200.5753173828125}},"zoom":0.308476388454437256}}