{"nodes":{"node:101":{"location":{"x":10,"y":0}},"node:113":{"location":{"x":10,"y":0}},"node:125":{"location":{"x":10,"y":0}},"node:137":{"location":{"x":10,"y":0}}},"selection":null,"view":{"scroll":{"x":-113.519149780273438,"y":-53.5106887817382812},"visible_rect":{"max":{"x":1053.974609375,"y":668.65252685546875},"min":{"x":-151.35888671875,"y":-71.34759521484375}},"zoom":0.749999880790710449}}