{"nodes":{"node:101":{"location":{"x":10,"y":0}},"node:113":{"location":{"x":114,"y":-72}},"node:125":{"location":{"x":10,"y":252}},"node:137":{"location":{"x":-129,"y":-88}}},"selection":null,"view":{"scroll":{"x":-97.6922683715820312,"y":52.3191680908203125},"visible_rect":{"max":{"x":806.3077392578125,"y":607.31915283203125},"min":{"x":-97.6922683715820312,"y":52.3191680908203125}},"zoom":1}}