{"nodes":{"node:101":{"location":{"x":10,"y":0}},"node:113":{"location":{"x":10,"y":0}},"node:125":{"location":{"x":10,"y":0}},"node:137":{"location":{"x":10,"y":0}}},"selection":null,"view":{"scroll":{"x":-113.519218444824219,"y":-53.5106468200683594},"visible_rect":{"max":{"x":1053.9744873046875,"y":668.65252685546875},"min":{"x":-151.358978271484375,"y":-71.3475341796875}},"zoom":0.749999940395355225}}