{"nodes":{"node:1":{"location":{"x":67,"y":136}}},"selection":["node:1"],"view":{"scroll":{"x":-172.71685791015625,"y":-123.362258911132812},"visible_rect":{"max":{"x":731.28314208984375,"y":431.63775634765625},"min":{"x":-172.71685791015625,"y":-123.362258911132812}},"zoom":1}}