{"nodes":{"node:110":{"location":{"x":102,"y":128}},"node:121":{"location":{"x":319,"y":32}},"node:122":{"location":{"x":-253,"y":74}},"node:125":{"location":{"x":-301,"y":250}},"node:135":{"location":{"x":-468,"y":70}},"node:138":{"location":{"x":10,"y":0}},"node:142":{"location":{"x":-317,"y":-134}}},"selection":["link:200"],"view":{"scroll":{"x":-392.14447021484375,"y":-50.1647109985351562},"visible_rect":{"max":{"x":378.47406005859375,"y":497.113739013671875},"min":{"x":-522.85931396484375,"y":-66.8862838745117188}},"zoom":0.75}}