{"nodes":{"node:11":{"location":{"x":162,"y":576}},"node:23":{"location":{"x":351,"y":182}},"node:24":{"location":{"x":10,"y":0}},"node:27":{"location":{"x":8,"y":298}},"node:37":{"location":{"x":-231,"y":246}},"node:39":{"location":{"x":10,"y":0}},"node:42":{"location":{"x":10,"y":0}}},"selection":null,"view":{"scroll":{"x":-124.945083618164062,"y":44.25537109375},"visible_rect":{"max":{"x":734.74005126953125,"y":623.00726318359375},"min":{"x":-166.593475341796875,"y":59.0071754455566406}},"zoom":0.749999821186065674}}