{"nodes":{"node:101":{"location":{"x":10,"y":0}},"node:113":{"location":{"x":10,"y":0}},"node:125":{"location":{"x":10,"y":0}},"node:137":{"location":{"x":10,"y":0}}},"selection":null,"view":{"scroll":{"x":-1349.9901123046875,"y":-128.062835693359375},"visible_rect":{"max":{"x":-182352.203125,"y":155508.921875},"min":{"x":-431134.71875,"y":-40898.32421875}},"zoom":0.00313124898821115494}}