{"nodes":{"node:1":{"location":{"x":0,"y":0}}},"selection":null,"view":{"scroll":{"x":-106.191177368164062,"y":-75.2003707885742188},"visible_rect":{"max":{"x":351.745147705078125,"y":315.732879638671875},"min":{"x":-141.5882568359375,"y":-100.267173767089844}},"zoom":0.749999880790710449}}