{"nodes":{"node:110":{"location":{"x":10,"y":0}},"node:121":{"location":{"x":-284,"y":224}},"node:122":{"location":{"x":-399,"y":-38}}},"selection":null,"view":{"scroll":{"x":-272.66851806640625,"y":-60.7571182250976562},"visible_rect":{"max":{"x":697.77532958984375,"y":734.990478515625},"min":{"x":-363.55804443359375,"y":-81.009490966796875}},"zoom":0.75}}