{"nodes":{"node:100":{"location":{"x":418,"y":112}},"node:108":{"location":{"x":120,"y":88}}},"selection":null,"view":{"scroll":{"x":11.5084228515625,"y":-168.28167724609375},"visible_rect":{"max":{"x":802.5084228515625,"y":366.71832275390625},"min":{"x":11.5084228515625,"y":-168.28167724609375}},"zoom":1}}