{"nodes":{"node:110":{"location":{"x":10,"y":0}},"node:121":{"location":{"x":326,"y":190}},"node:122":{"location":{"x":10,"y":0}},"node:125":{"location":{"x":10,"y":0}},"node:135":{"location":{"x":536,"y":214}},"node:138":{"location":{"x":10,"y":0}},"node:142":{"location":{"x":10,"y":0}}},"selection":null,"view":{"scroll":{"x":-47.0305900573730469,"y":88.4926681518554688},"visible_rect":{"max":{"x":838.6259765625,"y":681.99029541015625},"min":{"x":-62.7074623107910156,"y":117.990242004394531}},"zoom":0.749999940395355225}}