{"nodes":{"node:100":{"location":{"x":112,"y":0}},"node:103":{"location":{"x":-162,"y":80}}},"selection":["node:103"],"view":{"scroll":{"x":-313.05474853515625,"y":-122.955482482910156},"visible_rect":{"max":{"x":318.630218505859375,"y":274.696380615234375},"min":{"x":-208.70318603515625,"y":-81.9703292846679688}},"zoom":1.4999997615814209}}