{"nodes":{"node:109":{"location":{"x":250,"y":0}},"node:113":{"location":{"x":-286,"y":154}}},"selection":null,"view":{"scroll":{"x":-347.1485595703125,"y":-194.382293701171875},"visible_rect":{"max":{"x":598.4686279296875,"y":556.8236083984375},"min":{"x":-462.86474609375,"y":-259.1763916015625}},"zoom":0.75}}