{"nodes":{"node:108":{"location":{"x":0,"y":0}},"node:109":{"location":{"x":0,"y":0}},"node:112":{"location":{"x":0,"y":0}},"node:115":{"location":{"x":0,"y":0}},"node:119":{"location":{"x":0,"y":0}}},"selection":null,"view":{"scroll":{"x":-67.2354736328125,"y":-258.43145751953125},"visible_rect":{"max":{"x":581.7645263671875,"y":263.56854248046875},"min":{"x":-67.2354736328125,"y":-258.43145751953125}},"zoom":1}}