{"nodes":{"node:108":{"location":{"x":533,"y":-72}},"node:111":{"location":{"x":-98,"y":136}}},"selection":["link:200"],"view":{"scroll":{"x":-166.4739990234375,"y":-102.889389038085938},"visible_rect":{"max":{"x":832.701416015625,"y":314.814178466796875},"min":{"x":-221.965362548828125,"y":-137.185867309570312}},"zoom":0.749999940395355225}}