{"nodes":{"node:11":{"location":{"x":0,"y":10}},"node:12":{"location":{"x":-114,"y":8}}},"selection":null,"view":{"scroll":{"x":-457.0546875,"y":-138.955474853515625},"visible_rect":{"max":{"x":222.630233764648438,"y":264.02972412109375},"min":{"x":-304.703155517578125,"y":-92.636993408203125}},"zoom":1.4999997615814209}}