{"nodes":{"node:11":{"location":{"x":-337,"y":-34}},"node:23":{"location":{"x":-670,"y":-144}},"node:24":{"location":{"x":10,"y":0}},"node:27":{"location":{"x":10,"y":0}},"node:37":{"location":{"x":-423,"y":-152}},"node:40":{"location":{"x":10,"y":0}},"node:44":{"location":{"x":10,"y":0}}},"selection":null,"view":{"scroll":{"x":-469.521331787109375,"y":-113.863655090332031},"visible_rect":{"max":{"x":275.304931640625,"y":412.181854248046875},"min":{"x":-626.02850341796875,"y":-151.818222045898438}},"zoom":0.749999940395355225}}