{"nodes":{"node:101":{"location":{"x":10,"y":0}},"node:113":{"location":{"x":10,"y":0}},"node:125":{"location":{"x":10,"y":0}},"node:137":{"location":{"x":10,"y":0}}},"selection":null,"view":{"scroll":{"x":-26.9793510437011719,"y":-1.89258062839508057},"visible_rect":{"max":{"x":-97304.4453125,"y":8923.7197265625},"min":{"x":-114242.1640625,"y":-8013.99951171875}},"zoom":0.000236159306950867176}}