{"nodes":{"node:10":{"location":{"x":570,"y":704}},"node:21":{"location":{"x":178,"y":696}},"node:22":{"location":{"x":10,"y":0}},"node:25":{"location":{"x":10,"y":0}},"node:35":{"location":{"x":24,"y":358}},"node:38":{"location":{"x":10,"y":0}},"node:42":{"location":{"x":10,"y":0}}},"selection":null,"view":{"scroll":{"x":-42.4678497314453125,"y":391.86407470703125},"visible_rect":{"max":{"x":844.7095947265625,"y":1086.4854736328125},"min":{"x":-56.6238021850585938,"y":522.4854736328125}},"zoom":0.75}}