{"nodes":{"node:101":{"location":{"x":10,"y":0}},"node:113":{"location":{"x":10,"y":0}},"node:125":{"location":{"x":10,"y":0}},"node:137":{"location":{"x":10,"y":0}}},"selection":null,"view":{"scroll":{"x":-13664.8369140625,"y":2789.72900390625},"visible_rect":{"max":{"x":-321584.71875,"y":76847.09375},"min":{"x":-338009.21875,"y":69005.8828125}},"zoom":0.0404274091124534607}}