{"nodes":{"node:101":{"location":{"x":10,"y":0}},"node:113":{"location":{"x":10,"y":0}},"node:125":{"location":{"x":10,"y":0}},"node:137":{"location":{"x":10,"y":0}}},"selection":null,"view":{"scroll":{"x":-63.3640365600585938,"y":1.6229557991027832},"visible_rect":{"max":{"x":-272135.875,"y":25776.68359375},"min":{"x":-290472.625,"y":7439.93359375}},"zoom":0.000218141169170849025}}