{"nodes":{"node:11":{"location":{"x":343,"y":96}},"node:23":{"location":{"x":-38,"y":70}},"node:24":{"location":{"x":248,"y":-182}},"node:27":{"location":{"x":-136,"y":-198}},"node:37":{"location":{"x":-359,"y":-58}},"node:39":{"location":{"x":-519,"y":-136}},"node:42":{"location":{"x":-359,"y":300}}},"selection":null,"view":{"scroll":{"x":-71.0771713256835938,"y":43.1168479919433594},"visible_rect":{"max":{"x":604.9228515625,"y":466.116851806640625},"min":{"x":-71.0771713256835938,"y":43.1168479919433594}},"zoom":1}}