{"nodes":{"node:101":{"location":{"x":10,"y":0}},"node:113":{"location":{"x":10,"y":0}},"node:125":{"location":{"x":10,"y":0}},"node:137":{"location":{"x":10,"y":0}}},"selection":null,"view":{"scroll":{"x":-6.05970144271850586,"y":0},"visible_rect":{"max":{"x":-941619771604992,"y":124348399959932928},"min":{"x":-2770272696401920,"y":0}},"zoom":2.18740244694497557e-15}}