{"nodes":{"node:11":{"location":{"x":10,"y":0}},"node:23":{"location":{"x":775,"y":-24}},"node:24":{"location":{"x":10,"y":0}},"node:27":{"location":{"x":344,"y":-86}},"node:37":{"location":{"x":10,"y":0}},"node:39":{"location":{"x":10,"y":0}},"node:42":{"location":{"x":10,"y":0}}},"selection":null,"view":{"scroll":{"x":48.31390380859375,"y":-141.1337890625},"visible_rect":{"max":{"x":965.75201416015625,"y":375.8216552734375},"min":{"x":64.418548583984375,"y":-188.17840576171875}},"zoom":0.749999940395355225}}