{"nodes":{"node:110":{"location":{"x":10,"y":0}},"node:121":{"location":{"x":-21,"y":384}},"node:122":{"location":{"x":-351,"y":-246}},"node:125":{"location":{"x":-383,"y":410}},"node:135":{"location":{"x":-646,"y":294}},"node:138":{"location":{"x":-741,"y":54}},"node:142":{"location":{"x":-622,"y":-240}}},"selection":null,"view":{"scroll":{"x":-431.06695556640625,"y":-54.0958709716796875},"visible_rect":{"max":{"x":486.57745361328125,"y":743.87225341796875},"min":{"x":-574.7559814453125,"y":-72.127838134765625}},"zoom":0.749999880790710449}}