{"nodes":{"node:110":{"location":{"x":175,"y":352}},"node:121":{"location":{"x":-138,"y":268}},"node:122":{"location":{"x":211,"y":106}},"node:125":{"location":{"x":-317,"y":650}},"node:135":{"location":{"x":-564,"y":230}},"node:138":{"location":{"x":10,"y":0}},"node:142":{"location":{"x":-413,"y":-102}}},"selection":null,"view":{"scroll":{"x":-176.696517944335938,"y":86.1536788940429688},"visible_rect":{"max":{"x":665.73797607421875,"y":678.87158203125},"min":{"x":-235.595367431640625,"y":114.871574401855469}},"zoom":0.75}}