{"nodes":{"node:10":{"location":{"x":450,"y":270}},"node:21":{"location":{"x":271,"y":-10}},"node:22":{"location":{"x":10,"y":0}},"node:25":{"location":{"x":10,"y":0}},"node:35":{"location":{"x":-36,"y":198}},"node:38":{"location":{"x":10,"y":0}},"node:42":{"location":{"x":10,"y":0}}},"selection":["link:204"],"view":{"scroll":{"x":-99.3292922973632812,"y":124.640190124511719},"visible_rect":{"max":{"x":768.894287109375,"y":730.18695068359375},"min":{"x":-132.439056396484375,"y":166.186920166015625}},"zoom":0.75}}