{"nodes":{"node:101":{"location":{"x":10,"y":0}},"node:113":{"location":{"x":10,"y":0}},"node:125":{"location":{"x":10,"y":0}},"node:137":{"location":{"x":10,"y":0}}},"selection":null,"view":{"scroll":{"x":-8573.3115234375,"y":2194.716552734375},"visible_rect":{"max":{"x":-200906.9375,"y":59710.40234375},"min":{"x":-212350.09375,"y":54360.35546875}},"zoom":0.0403734780848026276}}