{"nodes":{"node:108":{"location":{"x":0,"y":0}},"node:111":{"location":{"x":20,"y":20}},"node:119":{"location":{"x":10,"y":10}},"node:120":{"location":{"x":132,"y":264}},"node:123":{"location":{"x":244,"y":56}},"node:126":{"location":{"x":292,"y":232}}},"selection":null,"view":{"scroll":{"x":-116.0777587890625,"y":-30.58203125},"visible_rect":{"max":{"x":532.9222412109375,"y":491.41796875},"min":{"x":-116.0777587890625,"y":-30.58203125}},"zoom":1}}