{"nodes":{"node:101":{"location":{"x":10,"y":0}},"node:113":{"location":{"x":10,"y":0}},"node:125":{"location":{"x":10,"y":0}},"node:137":{"location":{"x":10,"y":0}}},"selection":null,"view":{"scroll":{"x":-6.10351380601059645e-05,"y":-7.62939225751324557e-06},"visible_rect":{"max":{"x":632.00018310546875,"y":83.0000228881835938},"min":{"x":-6.103515625e-05,"y":-7.62939453125e-06}},"zoom":0.999999701976776123}}