{"nodes":{"node:101":{"location":{"x":-208,"y":24}},"node:113":{"location":{"x":-21,"y":192}},"node:114":{"location":{"x":-504,"y":74}}},"selection":null,"view":{"scroll":{"x":-565.5953369140625,"y":-33.5249137878417969},"visible_rect":{"max":{"x":147.20623779296875,"y":524.633544921875},"min":{"x":-754.127197265625,"y":-44.69989013671875}},"zoom":0.749999880790710449}}