{"nodes":{"node:101":{"location":{"x":10,"y":0}},"node:113":{"location":{"x":10,"y":0}},"node:125":{"location":{"x":10,"y":0}},"node:137":{"location":{"x":10,"y":0}}},"selection":null,"view":{"scroll":{"x":-1336.519775390625,"y":-206.980484008789062},"visible_rect":{"max":{"x":-177127.09375,"y":182187.609375},"min":{"x":-436359.875,"y":-67576.984375}},"zoom":0.00306288432329893112}}