{"nodes":{"node:11":{"location":{"x":-869,"y":-152}},"node:23":{"location":{"x":-329,"y":214}},"node:24":{"location":{"x":-1192,"y":-246}},"node:27":{"location":{"x":-1304,"y":186}},"node:37":{"location":{"x":-759,"y":374}},"node:40":{"location":{"x":-615,"y":134}},"node:44":{"location":{"x":-583,"y":-182}}},"selection":null,"view":{"scroll":{"x":-679.19427490234375,"y":-23.2493133544921875},"visible_rect":{"max":{"x":-4.259033203125,"y":533.00091552734375},"min":{"x":-905.5924072265625,"y":-30.99908447265625}},"zoom":0.75}}