{"nodes":{"node:101":{"location":{"x":10,"y":0}},"node:113":{"location":{"x":10,"y":0}},"node:125":{"location":{"x":10,"y":0}},"node:137":{"location":{"x":10,"y":0}}},"selection":null,"view":{"scroll":{"x":-272.42486572265625,"y":127.643943786621094},"visible_rect":{"max":{"x":538.1002197265625,"y":739.52532958984375},"min":{"x":-363.233184814453125,"y":170.191940307617188}},"zoom":0.749999940395355225}}