{"nodes":{"node:101":{"location":{"x":-880,"y":-56}},"node:113":{"location":{"x":571,"y":598}},"node:125":{"location":{"x":154,"y":422}},"node:137":{"location":{"x":-257,"y":392}},"node:149":{"location":{"x":-550,"y":64}}},"selection":null,"view":{"scroll":{"x":-514.7481689453125,"y":-148.17877197265625},"visible_rect":{"max":{"x":322.503631591796875,"y":557.64239501953125},"min":{"x":-1029.4962158203125,"y":-296.357513427734375}},"zoom":0.500000059604644775}}