{"nodes":{"node:101":{"location":{"x":10,"y":0}},"node:113":{"location":{"x":10,"y":0}},"node:125":{"location":{"x":10,"y":0}},"node:137":{"location":{"x":10,"y":0}}},"selection":null,"view":{"scroll":{"x":-347.17095947265625,"y":-105.08306884765625},"visible_rect":{"max":{"x":657.6580810546875,"y":643.8338623046875},"min":{"x":-694.3419189453125,"y":-210.1661376953125}},"zoom":0.5}}