{"nodes":{"node:110":{"location":{"x":10,"y":0}},"node:121":{"location":{"x":279,"y":-24}},"node:122":{"location":{"x":10,"y":0}},"node:125":{"location":{"x":10,"y":0}},"node:135":{"location":{"x":10,"y":0}},"node:138":{"location":{"x":10,"y":0}},"node:142":{"location":{"x":10,"y":0}}},"selection":null,"view":{"scroll":{"x":-97.61163330078125,"y":-38.35888671875},"visible_rect":{"max":{"x":578.38836669921875,"y":384.64111328125},"min":{"x":-97.61163330078125,"y":-38.35888671875}},"zoom":1}}