{"nodes":{"node:108":{"location":{"x":107,"y":376}},"node:109":{"location":{"x":-431,"y":-150}},"node:112":{"location":{"x":-815,"y":698}},"node:115":{"location":{"x":-655,"y":970}},"node:125":{"location":{"x":-779,"y":54}},"node:128":{"location":{"x":-288,"y":238}},"node:131":{"location":{"x":-862,"y":502}},"node:134":{"location":{"x":-133,"y":-74}},"node:138":{"location":{"x":242,"y":54}}},"selection":null,"view":{"scroll":{"x":-710.3760986328125,"y":72.3063507080078125},"visible_rect":{"max":{"x":118.642341613769531,"y":948.18975830078125},"min":{"x":-984.3126220703125,"y":100.189254760742188}},"zoom":0.721697628498077393}}