{"nodes":{"node:101":{"location":{"x":10,"y":0}},"node:113":{"location":{"x":10,"y":0}},"node:125":{"location":{"x":10,"y":0}},"node:137":{"location":{"x":10,"y":0}}},"selection":null,"view":{"scroll":{"x":-9631.2412109375,"y":1970.9688720703125},"visible_rect":{"max":{"x":-321584.71875,"y":76681.6640625},"min":{"x":-338009.21875,"y":69171.3203125}},"zoom":0.0284940171986818314}}