{"nodes":{"node:101":{"location":{"x":10,"y":0}},"node:113":{"location":{"x":10,"y":0}},"node:125":{"location":{"x":10,"y":0}},"node:137":{"location":{"x":10,"y":0}}},"selection":null,"view":{"scroll":{"x":-1484.0087890625,"y":398.652557373046875},"visible_rect":{"max":{"x":-190610.53125,"y":77148.8359375},"min":{"x":-255755.375,"y":68704.1328125}},"zoom":0.00580245396122336388}}