{"nodes":{"node:101":{"location":{"x":10,"y":0}},"node:113":{"location":{"x":10,"y":0}},"node:125":{"location":{"x":10,"y":0}},"node:137":{"location":{"x":10,"y":0}}},"selection":null,"view":{"scroll":{"x":-20880.560546875,"y":5577.814453125},"visible_rect":{"max":{"x":-204185.609375,"y":57938.14453125},"min":{"x":-208805.609375,"y":55778.14453125}},"zoom":0.100000001490116119}}