{"nodes":{"node:108":{"location":{"x":642,"y":-168}},"node:109":{"location":{"x":628,"y":216}},"node:112":{"location":{"x":132,"y":264}},"node:115":{"location":{"x":164,"y":-296}},"node:125":{"location":{"x":397,"y":-160}},"node:128":{"location":{"x":5,"y":-8}},"node:131":{"location":{"x":437,"y":296}},"node:134":{"location":{"x":-75,"y":168}},"node:137":{"location":{"x":190,"y":-56}},"node:140":{"location":{"x":193,"y":136}},"node:143":{"location":{"x":-18,"y":-152}}},"selection":null,"view":{"scroll":{"x":-35.7940673828125,"y":-166.907623291015625},"visible_rect":{"max":{"x":817.60791015625,"y":473.456512451171875},"min":{"x":-47.7254257202148438,"y":-222.543502807617188}},"zoom":0.75}}