{"nodes":{"node:101":{"location":{"x":304,"y":0}}},"selection":null,"view":{"scroll":{"x":95.76141357421875,"y":-14.071929931640625},"visible_rect":{"max":{"x":496.50762939453125,"y":338.61871337890625},"min":{"x":63.8409423828125,"y":-9.38128662109375}},"zoom":1.5}}