{"nodes":{"node:110":{"location":{"x":10,"y":0}},"node:121":{"location":{"x":10,"y":0}},"node:122":{"location":{"x":10,"y":0}},"node:125":{"location":{"x":10,"y":0}},"node:135":{"location":{"x":-212,"y":-8}},"node:138":{"location":{"x":10,"y":0}},"node:142":{"location":{"x":10,"y":0}}},"selection":null,"view":{"scroll":{"x":-634.595703125,"y":602.17303466796875},"visible_rect":{"max":{"x":41.404296875,"y":1025.173095703125},"min":{"x":-634.595703125,"y":602.17303466796875}},"zoom":1}}