{"nodes":{"node:107":{"location":{"x":0,"y":0}},"node:112":{"location":{"x":413,"y":-56}}},"selection":null,"view":{"scroll":{"x":-86.4614334106445312,"y":-214.77703857421875},"visible_rect":{"max":{"x":704.53900146484375,"y":320.22314453125},"min":{"x":-86.46148681640625,"y":-214.77716064453125}},"zoom":0.999999403953552246}}