{"nodes":{"node:11":{"location":{"x":10,"y":0}},"node:23":{"location":{"x":10,"y":0}},"node:24":{"location":{"x":10,"y":0}},"node:27":{"location":{"x":10,"y":0}},"node:37":{"location":{"x":10,"y":0}},"node:40":{"location":{"x":10,"y":0}},"node:44":{"location":{"x":10,"y":0}}},"selection":null,"view":{"scroll":{"x":-469.521392822265625,"y":-113.8636474609375},"visible_rect":{"max":{"x":275.30487060546875,"y":412.181884765625},"min":{"x":-626.02862548828125,"y":-151.818222045898438}},"zoom":0.749999821186065674}}