{"nodes":{"node:101":{"location":{"x":10,"y":0}},"node:113":{"location":{"x":10,"y":0}},"node:125":{"location":{"x":10,"y":0}},"node:137":{"location":{"x":10,"y":0}}},"selection":null,"view":{"scroll":{"x":-909.05841064453125,"y":-8.64138412475585938},"visible_rect":{"max":{"x":-246907.25,"y":53740.41796875},"min":{"x":-343169.8125,"y":-3262.125244140625}},"zoom":0.00264900457113981247}}