{"nodes":{"node:10":{"location":{"x":10,"y":0}},"node:21":{"location":{"x":394,"y":206}},"node:22":{"location":{"x":10,"y":0}},"node:25":{"location":{"x":10,"y":0}},"node:35":{"location":{"x":10,"y":0}},"node:38":{"location":{"x":10,"y":0}},"node:42":{"location":{"x":10,"y":0}}},"selection":["node:21"],"view":{"scroll":{"x":-53.8313941955566406,"y":83.0553970336914062},"visible_rect":{"max":{"x":829.55810546875,"y":674.74053955078125},"min":{"x":-71.7751922607421875,"y":110.740531921386719}},"zoom":0.75}}