{"nodes":{"node:101":{"location":{"x":10,"y":0}},"node:113":{"location":{"x":10,"y":0}},"node:125":{"location":{"x":10,"y":0}},"node:137":{"location":{"x":10,"y":0}}},"selection":null,"view":{"scroll":{"x":-909.05841064453125,"y":-8.64137458801269531},"visible_rect":{"max":{"x":-246907.203125,"y":53740.41796875},"min":{"x":-343169.78125,"y":-3262.12109375}},"zoom":0.00264900480397045612}}