{"nodes":{"node:1":{"location":{"x":0,"y":0}}},"selection":null,"view":{"scroll":{"x":-106.191177368164062,"y":-73.6802749633789062},"visible_rect":{"max":{"x":351.745147705078125,"y":317.759674072265625},"min":{"x":-141.5882568359375,"y":-98.2403793334960938}},"zoom":0.749999880790710449}}