{"nodes":{"node:107":{"location":{"x":562,"y":-64}},"node:112":{"location":{"x":93,"y":-32}}},"selection":null,"view":{"scroll":{"x":11.5084228515625,"y":-215.956451416015625},"visible_rect":{"max":{"x":802.5084228515625,"y":319.043548583984375},"min":{"x":11.5084228515625,"y":-215.956451416015625}},"zoom":1}}