{"nodes":{"node:101":{"location":{"x":10,"y":0}},"node:113":{"location":{"x":10,"y":0}},"node:125":{"location":{"x":10,"y":0}},"node:137":{"location":{"x":10,"y":0}}},"selection":null,"view":{"scroll":{"x":-29638.044921875,"y":-86.138641357421875},"visible_rect":{"max":{"x":-293830.4375,"y":648.61358642578125},"min":{"x":-296380.4375,"y":-861.38641357421875}},"zoom":0.100000001490116119}}