{"nodes":{"node:11":{"location":{"x":10,"y":0}},"node:12":{"location":{"x":-632,"y":-78}}},"selection":null,"view":{"scroll":{"x":-438.08880615234375,"y":-112.584457397460938},"visible_rect":{"max":{"x":475.8223876953125,"y":628.8310546875},"min":{"x":-876.1776123046875,"y":-225.168914794921875}},"zoom":0.5}}