{"nodes":{"node:101":{"location":{"x":10,"y":0}},"node:113":{"location":{"x":10,"y":0}},"node:125":{"location":{"x":10,"y":0}},"node:137":{"location":{"x":10,"y":0}}},"selection":null,"view":{"scroll":{"x":-29631.357421875,"y":-326.210662841796875},"visible_rect":{"max":{"x":-293763.5625,"y":-1752.106689453125},"min":{"x":-296313.5625,"y":-3262.106689453125}},"zoom":0.100000001490116119}}