{"nodes":{"node:101":{"location":{"x":10,"y":0}},"node:113":{"location":{"x":10,"y":0}},"node:125":{"location":{"x":10,"y":0}},"node:137":{"location":{"x":10,"y":0}}},"selection":null,"view":{"scroll":{"x":-1317.0635986328125,"y":-206.439361572265625},"visible_rect":{"max":{"x":-182352.21875,"y":182187.59375},"min":{"x":-431134.75,"y":-67576.984375}},"zoom":0.00305487681180238724}}