{"nodes":{"node:101":{"location":{"x":10,"y":0}},"node:113":{"location":{"x":10,"y":0}},"node:125":{"location":{"x":10,"y":0}},"node:137":{"location":{"x":10,"y":0}}},"selection":null,"view":{"scroll":{"x":-1331.816650390625,"y":-124.106254577636719},"visible_rect":{"max":{"x":-174596.96875,"y":155508.921875},"min":{"x":-438889.84375,"y":-40898.25390625}},"zoom":0.00303451251238584518}}