{"nodes":{"node:101":{"location":{"x":10,"y":0}},"node:113":{"location":{"x":10,"y":0}},"node:125":{"location":{"x":10,"y":0}},"node:137":{"location":{"x":10,"y":0}}},"selection":null,"view":{"scroll":{"x":-1.97935211658477783,"y":-1.89258086681365967},"visible_rect":{"max":{"x":8556.2919921875,"y":8923.7177734375},"min":{"x":-8381.427734375,"y":-8014.00048828125}},"zoom":0.000236159306950867176}}