{"nodes":{"node:100":{"location":{"x":0,"y":10}},"node:103":{"location":{"x":0,"y":10}}},"selection":null,"view":{"scroll":{"x":-494.054718017578125,"y":-157.955474853515625},"visible_rect":{"max":{"x":197.963546752929688,"y":251.363052368164062},"min":{"x":-329.369842529296875,"y":-105.303665161132812}},"zoom":1.4999997615814209}}