{"nodes":{"node:110":{"location":{"x":10,"y":0}},"node:121":{"location":{"x":410,"y":136}},"node:122":{"location":{"x":10,"y":0}},"node:125":{"location":{"x":10,"y":0}},"node:135":{"location":{"x":10,"y":0}},"node:138":{"location":{"x":10,"y":0}},"node:142":{"location":{"x":10,"y":0}}},"selection":null,"view":{"scroll":{"x":-25.7787628173828125,"y":80.4470138549804688},"visible_rect":{"max":{"x":866.9617919921875,"y":671.26275634765625},"min":{"x":-34.3716888427734375,"y":107.2626953125}},"zoom":0.749999940395355225}}