{"nodes":{"node:10":{"location":{"x":555,"y":50}},"node:21":{"location":{"x":943,"y":-14}},"node:22":{"location":{"x":10,"y":0}},"node:25":{"location":{"x":10,"y":0}},"node:35":{"location":{"x":-100,"y":198}},"node:38":{"location":{"x":10,"y":0}},"node:42":{"location":{"x":10,"y":0}}},"selection":["link:204"],"view":{"scroll":{"x":349.49200439453125,"y":-53.0479888916015625},"visible_rect":{"max":{"x":1367.3226318359375,"y":493.269378662109375},"min":{"x":465.989349365234375,"y":-70.73065185546875}},"zoom":0.75}}