{"nodes":{"node:100":{"location":{"x":39,"y":-16}},"node:108":{"location":{"x":-211,"y":48}}},"selection":null,"view":{"scroll":{"x":-325.20245361328125,"y":-122.955482482910156},"visible_rect":{"max":{"x":310.53173828125,"y":274.696380615234375},"min":{"x":-216.801666259765625,"y":-81.9703292846679688}},"zoom":1.4999997615814209}}