{"nodes":{"node:10":{"location":{"x":297,"y":70}},"node:21":{"location":{"x":297,"y":70}},"node:22":{"location":{"x":10,"y":0}},"node:25":{"location":{"x":-216,"y":330}},"node:35":{"location":{"x":-215,"y":-40}},"node:38":{"location":{"x":10,"y":0}},"node:42":{"location":{"x":41,"y":218}}},"selection":["node:10","node:21"],"view":{"scroll":{"x":-216.7489013671875,"y":23.806427001953125},"visible_rect":{"max":{"x":459.2510986328125,"y":446.806427001953125},"min":{"x":-216.7489013671875,"y":23.806427001953125}},"zoom":1}}