{"nodes":{"node:108":{"location":{"x":231,"y":-112}},"node:112":{"location":{"x":-238,"y":-22}}},"selection":null,"view":{"scroll":{"x":-220.71630859375,"y":-161.670928955078125},"visible_rect":{"max":{"x":460.22698974609375,"y":360.263275146484375},"min":{"x":-176.57305908203125,"y":-129.336761474609375}},"zoom":1.24999988079071045}}