{"nodes":{"node:110":{"location":{"x":10,"y":0}},"node:121":{"location":{"x":-617,"y":-176}},"node:122":{"location":{"x":-125,"y":-278}},"node:125":{"location":{"x":-365,"y":346}},"node:135":{"location":{"x":-276,"y":-88}},"node:138":{"location":{"x":-259,"y":-218}},"node:142":{"location":{"x":3,"y":330}}},"selection":null,"view":{"scroll":{"x":-449.0703125,"y":-208.048583984375},"visible_rect":{"max":{"x":245.9296875,"y":440.951416015625},"min":{"x":-449.0703125,"y":-208.048583984375}},"zoom":1}}