{"nodes":{"node:101":{"location":{"x":10,"y":0}},"node:113":{"location":{"x":10,"y":0}},"node:125":{"location":{"x":10,"y":0}},"node:137":{"location":{"x":10,"y":0}}},"selection":null,"view":{"scroll":{"x":-194.145797729492188,"y":-106.50732421875},"visible_rect":{"max":{"x":1219.27099609375,"y":967.46337890625},"min":{"x":-970.72900390625,"y":-532.53662109375}},"zoom":0.200000002980232239}}