{"nodes":{"node:101":{"location":{"x":10,"y":0}},"node:113":{"location":{"x":10,"y":0}},"node:125":{"location":{"x":10,"y":0}},"node:137":{"location":{"x":10,"y":0}}},"selection":null,"view":{"scroll":{"x":-20880.560546875,"y":5622.52587890625},"visible_rect":{"max":{"x":-204185.609375,"y":58385.2578125},"min":{"x":-208805.609375,"y":56225.2578125}},"zoom":0.100000001490116119}}