{"nodes":{"node:101":{"location":{"x":10,"y":0}},"node:113":{"location":{"x":10,"y":0}},"node:125":{"location":{"x":10,"y":0}},"node:137":{"location":{"x":10,"y":0}}},"selection":null,"view":{"scroll":{"x":176.999160766601562,"y":-0.000129699124954640865},"visible_rect":{"max":{"x":455.001220703125,"y":83.000244140625},"min":{"x":176.999969482421875,"y":-0.00012969970703125}},"zoom":0.99999547004699707}}