{"nodes":{"node:101":{"location":{"x":-960,"y":-8}},"node:113":{"location":{"x":-773,"y":60}},"node:125":{"location":{"x":-503,"y":126}}},"selection":null,"view":{"scroll":{"x":-777.13067626953125,"y":-17.71978759765625},"visible_rect":{"max":{"x":-134.840911865234375,"y":545.70703125},"min":{"x":-1036.17431640625,"y":-23.6263866424560547}},"zoom":0.749999940395355225}}