{"nodes":{"node:108":{"location":{"x":405,"y":-40}},"node:111":{"location":{"x":0,"y":0}}},"selection":null,"view":{"scroll":{"x":22.7012939453125,"y":-29.3525390625},"visible_rect":{"max":{"x":813.7012939453125,"y":309.6474609375},"min":{"x":22.7012939453125,"y":-29.3525390625}},"zoom":1}}