{"nodes":{"node:101":{"location":{"x":10,"y":0}},"node:113":{"location":{"x":10,"y":0}},"node:125":{"location":{"x":10,"y":0}},"node:137":{"location":{"x":10,"y":0}}},"selection":null,"view":{"scroll":{"x":54.82904052734375,"y":585.91693115234375},"visible_rect":{"max":{"x":1461.6580810546875,"y":2025.8338623046875},"min":{"x":109.6580810546875,"y":1171.8338623046875}},"zoom":0.5}}