{"nodes":{"node:101":{"location":{"x":10,"y":0}},"node:113":{"location":{"x":10,"y":0}},"node:125":{"location":{"x":10,"y":0}},"node:137":{"location":{"x":10,"y":0}}},"selection":null,"view":{"scroll":{"x":-148.754364013671875,"y":-3.19521999359130859},"visible_rect":{"max":{"x":25040.939453125,"y":967.46337890625},"min":{"x":-24792.39453125,"y":-532.53668212890625}},"zoom":0.00599999958649277687}}