{"nodes":{"node:101":{"location":{"x":10,"y":0}},"node:113":{"location":{"x":10,"y":0}},"node:125":{"location":{"x":10,"y":0}},"node:137":{"location":{"x":10,"y":0}}},"selection":null,"view":{"scroll":{"x":-0.0679698437452316284,"y":-1.97756659984588623},"visible_rect":{"max":{"x":5.75799762194579575e+30,"y":3.95416230792077464e+32},"min":{"x":-9.95338755986884908e+28,"y":-2.89591470550385558e+30}},"zoom":6.82881484875734567e-31}}