{"nodes":{"node:108":{"location":{"x":0,"y":0}},"node:111":{"location":{"x":20,"y":20}},"node:119":{"location":{"x":10,"y":10}},"node:123":{"location":{"x":40,"y":40}}},"selection":null,"view":{"scroll":{"x":80.69305419921875,"y":118.58978271484375},"visible_rect":{"max":{"x":871.69305419921875,"y":457.58978271484375},"min":{"x":80.69305419921875,"y":118.58978271484375}},"zoom":1}}