{"nodes":{"node:110":{"location":{"x":10,"y":0}},"node:121":{"location":{"x":-457,"y":112}},"node:122":{"location":{"x":10,"y":0}},"node:125":{"location":{"x":-829,"y":314}},"node:135":{"location":{"x":-756,"y":-120}},"node:138":{"location":{"x":10,"y":0}},"node:142":{"location":{"x":-477,"y":-102}}},"selection":["link:200"],"view":{"scroll":{"x":-714.68072509765625,"y":5.8352508544921875},"visible_rect":{"max":{"x":-51.5743064880371094,"y":571.7803955078125},"min":{"x":-952.90777587890625,"y":7.78033542633056641}},"zoom":0.749999880790710449}}