{"nodes":{"node:1":{"location":{"x":0,"y":0}}},"selection":null,"view":{"scroll":{"x":-108.27142333984375,"y":-42.9208717346191406},"visible_rect":{"max":{"x":1744.857177734375,"y":1793.86083984375},"min":{"x":-721.8094482421875,"y":-286.139129638671875}},"zoom":0.150000005960464478}}