{"nodes":{"node:1":{"location":{"x":-134,"y":-88}},"node:4":{"location":{"x":6,"y":-136}}},"selection":null,"view":{"scroll":{"x":-459.7266845703125,"y":-300.66143798828125},"visible_rect":{"max":{"x":265.0186767578125,"y":187.470870971679688},"min":{"x":-367.7813720703125,"y":-240.5291748046875}},"zoom":1.24999988079071045}}