{"nodes":{"node:101":{"location":{"x":10,"y":0}},"node:113":{"location":{"x":10,"y":0}},"node:125":{"location":{"x":10,"y":0}},"node:137":{"location":{"x":10,"y":0}}},"selection":null,"view":{"scroll":{"x":-272.42486572265625,"y":-57.5037384033203125},"visible_rect":{"max":{"x":538.1002197265625,"y":492.661773681640625},"min":{"x":-363.233184814453125,"y":-76.671661376953125}},"zoom":0.749999880790710449}}