{"nodes":{"node:101":{"location":{"x":10,"y":0}},"node:113":{"location":{"x":10,"y":0}},"node:125":{"location":{"x":10,"y":0}},"node:137":{"location":{"x":10,"y":0}}},"selection":null,"view":{"scroll":{"x":-30.6583442687988281,"y":4.2879939079284668},"visible_rect":{"max":{"x":-242949.28125,"y":75532.15625},"min":{"x":-279403.0625,"y":39078.38671875}},"zoom":0.000109728018287569284}}