{"nodes":{"node:10":{"location":{"x":434,"y":-80}},"node:21":{"location":{"x":2,"y":142}},"node:22":{"location":{"x":-184,"y":-438}},"node:25":{"location":{"x":-504,"y":-326}},"node:35":{"location":{"x":-823,"y":56}},"node:38":{"location":{"x":-1159,"y":-58}},"node:42":{"location":{"x":-551,"y":592}}},"selection":["node:10","node:21"],"view":{"scroll":{"x":-354.831298828125,"y":-130.38519287109375},"visible_rect":{"max":{"x":642.33740234375,"y":585.2296142578125},"min":{"x":-709.66259765625,"y":-260.7703857421875}},"zoom":0.5}}