{"nodes":{"node:101":{"location":{"x":10,"y":0}},"node:113":{"location":{"x":10,"y":0}},"node:125":{"location":{"x":10,"y":0}},"node:137":{"location":{"x":10,"y":0}}},"selection":null,"view":{"scroll":{"x":-909.05889892578125,"y":-8.64134120941162109},"visible_rect":{"max":{"x":-246907.296875,"y":53740.40625},"min":{"x":-343169.8125,"y":-3262.107177734375}},"zoom":0.00264900596812367439}}