{"nodes":{"node:101":{"location":{"x":10,"y":0}},"node:113":{"location":{"x":10,"y":0}},"node:125":{"location":{"x":10,"y":0}},"node:137":{"location":{"x":10,"y":0}}},"selection":null,"view":{"scroll":{"x":-306.415618896484375,"y":288.6025390625},"visible_rect":{"max":{"x":492.779327392578125,"y":954.13702392578125},"min":{"x":-408.554290771484375,"y":384.803497314453125}},"zoom":0.749999761581420898}}