{"nodes":{"node:101":{"location":{"x":10,"y":0}},"node:113":{"location":{"x":10,"y":0}},"node:125":{"location":{"x":10,"y":0}},"node:137":{"location":{"x":10,"y":0}}},"selection":null,"view":{"scroll":{"x":-131.979415893554688,"y":-1.89258062839508057},"visible_rect":{"max":{"x":-541919.9375,"y":8923.7216796875},"min":{"x":-558857.6875,"y":-8014.00146484375}},"zoom":0.000236159263295121491}}