{"nodes":{"node:108":{"location":{"x":0,"y":0}},"node:111":{"location":{"x":20,"y":20}},"node:119":{"location":{"x":10,"y":10}}},"selection":null,"view":{"scroll":{"x":-268.352294921875,"y":-20.3889274597167969},"visible_rect":{"max":{"x":696.86370849609375,"y":424.8148193359375},"min":{"x":-357.8031005859375,"y":-27.1852397918701172}},"zoom":0.749999880790710449}}