{"nodes":{"node:101":{"location":{"x":10,"y":0}},"node:113":{"location":{"x":10,"y":0}},"node:125":{"location":{"x":10,"y":0}},"node:137":{"location":{"x":10,"y":0}}},"selection":null,"view":{"scroll":{"x":-4.1324539779452607e-05,"y":-285.5760498046875},"visible_rect":{"max":{"x":473.00006103515625,"y":479.350433349609375},"min":{"x":-4.83824551338329911e-05,"y":-334.350250244140625}},"zoom":0.854122400283813477}}