{"nodes":{"node:108":{"location":{"x":0,"y":0}},"node:111":{"location":{"x":20,"y":20}},"node:119":{"location":{"x":10,"y":10}},"node:123":{"location":{"x":40,"y":40}}},"selection":null,"view":{"scroll":{"x":-340.93939208984375,"y":-16.4948940277099609},"visible_rect":{"max":{"x":600.08087158203125,"y":443.340179443359375},"min":{"x":-454.585906982421875,"y":-21.993194580078125}},"zoom":0.749999940395355225}}