{"nodes":{"node:108":{"location":{"x":205,"y":-96}},"node:111":{"location":{"x":-34,"y":-104}},"node:119":{"location":{"x":-120,"y":32}}},"selection":null,"view":{"scroll":{"x":-77.18450927734375,"y":-169.897552490234375},"visible_rect":{"max":{"x":571.81549072265625,"y":352.102447509765625},"min":{"x":-77.18450927734375,"y":-169.897552490234375}},"zoom":1}}