{"nodes":{"node:101":{"location":{"x":10,"y":0}},"node:113":{"location":{"x":10,"y":0}},"node:125":{"location":{"x":10,"y":0}},"node:137":{"location":{"x":-331,"y":336}},"node:149":{"location":{"x":119,"y":444}}},"selection":["link:200"],"view":{"scroll":{"x":-306.415618896484375,"y":288.602630615234375},"visible_rect":{"max":{"x":492.77923583984375,"y":954.13702392578125},"min":{"x":-408.55419921875,"y":384.803558349609375}},"zoom":0.749999940395355225}}