{"nodes":{"node:1":{"location":{"x":-4,"y":40}}},"selection":null,"view":{"scroll":{"x":110.909217834472656,"y":176.63519287109375},"visible_rect":{"max":{"x":958.14300537109375,"y":881.06689453125},"min":{"x":292.01483154296875,"y":465.06591796875}},"zoom":0.379806786775588989}}