{"nodes":{"node:110":{"location":{"x":10,"y":0}},"node:121":{"location":{"x":-113,"y":244}},"node:122":{"location":{"x":10,"y":0}},"node:125":{"location":{"x":-349,"y":-102}},"node:135":{"location":{"x":-436,"y":182}},"node:138":{"location":{"x":10,"y":0}},"node:142":{"location":{"x":-685,"y":234}}},"selection":null,"view":{"scroll":{"x":-509.809906005859375,"y":19.2410507202148438},"visible_rect":{"max":{"x":221.586822509765625,"y":589.65478515625},"min":{"x":-679.74664306640625,"y":25.6547374725341797}},"zoom":0.749999940395355225}}