{"nodes":{"node:101":{"location":{"x":10,"y":0}},"node:113":{"location":{"x":10,"y":0}},"node:125":{"location":{"x":10,"y":0}},"node:137":{"location":{"x":10,"y":0}}},"selection":null,"view":{"scroll":{"x":-1287.704833984375,"y":-206.39111328125},"visible_rect":{"max":{"x":-177127.09375,"y":184549.640625},"min":{"x":-436359.84375,"y":-69939.0078125}},"zoom":0.00295101571828126907}}