{"nodes":{"node:11":{"location":{"x":10,"y":0}},"node:12":{"location":{"x":10,"y":0}}},"selection":null,"view":{"scroll":{"x":-432.357421875,"y":-35.4367637634277344},"visible_rect":{"max":{"x":324.8568115234375,"y":522.0843505859375},"min":{"x":-576.47662353515625,"y":-47.2490234375}},"zoom":0.749999940395355225}}