{"nodes":{"node:103":{"location":{"x":-78,"y":-22}}},"selection":null,"view":{"scroll":{"x":-235.847610473632812,"y":-152.6710205078125},"visible_rect":{"max":{"x":448.121917724609375,"y":367.46319580078125},"min":{"x":-188.678085327148438,"y":-122.136817932128906}},"zoom":1.25}}