{"nodes":{"node:101":{"location":{"x":10,"y":0}},"node:113":{"location":{"x":10,"y":0}},"node:125":{"location":{"x":10,"y":0}},"node:137":{"location":{"x":10,"y":0}}},"selection":null,"view":{"scroll":{"x":-21.80499267578125,"y":3.16438579559326172},"visible_rect":{"max":{"x":-251424.53125,"y":3885600},"min":{"x":-307908.59375,"y":44684.33203125}},"zoom":7.08164516254328191e-05}}